{
    "title": "Algorithm Plugin Input Arguments",
    "description": "A schema for algorithm plugin input arguments",
    "type": "object",
    "required": [
        "explain_type",
        "background_path",
        "background_samples",
        "data_samples"
    ],
    "properties": {
        "explain_type": {
            "title": "Type of Explainability",
            "description": "Options: [global (default), local]. Global explainability explains overall dataset. Local explinability explains a random data point.",
            "type": "string",
            "default": "global",
            "enum": [
                "global",
                "local"
            ]
        },
        "background_path": {
            "title": "Path of the Background Path",
            "description": "Background data path",
            "type": "string",
            "ui:widget": "selectDataset"
        },
        "background_samples": {
            "title": "Size of the Background",
            "description": "Background Samples (e.g. 25)",
            "type": "number"
        },
        "data_samples": {
            "title": "Size of the Test Dataset",
            "description": "Data Samples (e.g. 25)",
            "type": "number"
        },
        "threshold_config": {
            "title": "Threshold Values",
            "description": "Please fill in the following fields if your classification model returns a continuous value that needs to be mapped to a label comparable to the ground truth. \n(In order by which they should appear)",
            "type": "object",
            "optional": true,
            "properties": {
                "threshold_label": {
                    "title":"Threshold Label",
                    "type": "string",
                    "optional": true,
                    "enum": ["lower_label", "higher_label", "None"],
                    "enumNames": ["Lower Label Value", "Higher Label Value", "Not Applicable"],
                    "default": "None",
                    "description":"The label to be assigned to model outputs equal to the threshold value defined."
                },                      
                "lower_label": {
                    "title": "Lower Label Value",
                    "type": "integer",
                    "optional": true,
                    "description": "The label to be assigned to model outputs lower than the threshold value defined. This should correspond with the ground truth labels."
                },
                "higher_label": {
                    "title": "Higher Label Value",
                    "type": "integer",
                    "optional": true,
                    "description": "The label to be assigned to model outputs higher than the threshold value defined. This should correspond with the ground truth labels."
                },
                "threshold_value": {
                    "title": "Threshold Value",
                    "type": "number",
                    "optional": true,
                    "description": "The condition that determines what label the model output should be mapped to."
                }                                  
            }
        }         
    }
}