{
    "title": "Algorithm Plugin Input Arguments",
    "description": "A schema for algorithm plugin input arguments",
    "type": "object",
    "required": [
    ],
    "properties": {
        "annotated_ground_truth_path": {
            "title": "Annotated ground truth path",
            "description": "Annotated ground truth path",
            "type": "string",
            "ui:widget": "selectDataset"
        },
        "file_name_label": {
            "title": "Name of column containing image file names",
            "description": "Key in the name of the column containing the file names in the annotated ground truth dataset",
            "type": "string"
        }
    }
}