{
    "cid": "robustness_toolbox",
    "name": "Robustness Toolbox",
    "modelType": [
        "classification",
        "regression"
    ],
    "version": "0.9.0",
    "author": "AI Verify",
    "description": "This plugin generates a perturbed dataset using boundary attack algorithm on the test dataset.",
    "tags": [
        "Robustness Toolbox",
        "classification",
        "regression"
    ],
    "requireGroundTruth": true,
    "requiredFiles": [
        "AUTHORS.rst",
        "CHANGELOG.md",
        "input.schema.json",
        "LICENSE",
        "output.schema.json",
        "robustness_toolbox.meta.json",
        "robustness_toolbox.py",
        "README.md",
        "requirements.txt",
        "syntax_checker.py"
    ]
}