{
  "feature_names": [
    "age",
    "gender",
    "income",
    "race",
    "home_ownership",
    "prior_count",
    "loan_amount",
    "loan_interests"
  ],
  "results": {
    "num_local_classes": 1,
    "local": [
      [
        [
          0.0,
          0.0,
          -0.28000000000000036,
          0.0,
          0.0,
          0.0,
          -0.4399999999999997,
          0.0
        ]
      ]
    ],
    "single_explainer_values": [
      0.72
    ],
    "single_shap_values": [
      [
        0.0,
        0.0,
        -0.28000000000000036,
        0.0,
        0.0,
        0.0,
        -0.4399999999999997,
        0.0
      ]
    ],
    "global_shap_values": [
      [
        [
          0.0,
          0.0,
          0.10000000000000014,
          0.0,
          0.0,
          0.0,
          0.18000000000000016,
          0.0
        ],
        [
          0.0,
          0.0,
          -0.020000000000000143,
          0.0,
          0.0,
          0.0,
          0.3000000000000005,
          0.0
        ],
        [
          0.0,
          0.0,
          0.06000000000000011,
          0.0,
          0.0,
          0.0,
          0.22000000000000036,
          0.0
        ],
        [
          0.0,
          0.0,
          0.0,
          0.0,
          0.0,
          0.0,
          0.2800000000000004,
          0.0
        ],
        [
          0.0,
          0.0,
          0.07999999999999996,
          0.0,
          0.0,
          0.0,
          0.2000000000000003,
          0.0
        ],
        [
          0.0,
          0.0,
          -0.3600000000000002,
          0.0,
          0.0,
          0.0,
          -0.36000000000000026,
          0.0
        ],
        [
          0.0,
          0.0,
          0.38000000000000006,
          0.0,
          0.0,
          0.0,
          -0.10000000000000016,
          0.0
        ],
        [
          0.0,
          0.0,
          0.040000000000000036,
          0.0,
          0.0,
          0.0,
          0.24000000000000032,
          0.0
        ],
        [
          0.0,
          0.0,
          0.44000000000000034,
          0.0,
          0.0,
          0.0,
          -0.16000000000000011,
          0.0
        ],
        [
          0.0,
          0.0,
          -0.4200000000000004,
          0.0,
          0.0,
          0.0,
          -0.30000000000000027,
          0.0
        ],
        [
          0.0,
          0.0,
          0.20000000000000032,
          0.0,
          0.0,
          0.0,
          0.08000000000000002,
          0.0
        ],
        [
          0.0,
          0.0,
          0.10000000000000014,
          0.0,
          0.0,
          0.0,
          0.18000000000000016,
          0.0
        ],
        [
          0.0,
          0.0,
          0.07999999999999996,
          0.0,
          0.0,
          0.0,
          0.2000000000000003,
          0.0
        ],
        [
          0.0,
          0.0,
          0.2800000000000003,
          0.0,
          0.0,
          0.0,
          0.0,
          0.0
        ],
        [
          0.0,
          0.0,
          -0.28000000000000036,
          0.0,
          0.0,
          0.0,
          -0.4399999999999997,
          0.0
        ],
        [
          0.0,
          0.0,
          0.18000000000000022,
          0.0,
          0.0,
          0.0,
          0.10000000000000017,
          0.0
        ],
        [
          0.0,
          0.0,
          -0.4200000000000004,
          0.0,
          0.0,
          0.0,
          -0.30000000000000027,
          0.0
        ],
        [
          0.0,
          0.0,
          0.18000000000000016,
          0.0,
          0.0,
          0.0,
          0.10000000000000014,
          0.0
        ],
        [
          0.0,
          0.0,
          0.3200000000000005,
          0.0,
          0.0,
          0.0,
          -0.04000000000000015,
          0.0
        ],
        [
          0.0,
          0.0,
          -0.3600000000000001,
          0.0,
          0.0,
          0.0,
          -0.36000000000000004,
          0.0
        ],
        [
          0.0,
          0.0,
          -0.6799999999999997,
          0.0,
          0.0,
          0.0,
          -0.04000000000000026,
          0.0
        ],
        [
          0.0,
          0.0,
          0.10000000000000014,
          0.0,
          0.0,
          0.0,
          0.18000000000000016,
          0.0
        ],
        [
          0.0,
          0.0,
          -0.4200000000000004,
          0.0,
          0.0,
          0.0,
          -0.30000000000000027,
          0.0
        ],
        [
          0.0,
          0.0,
          0.14000000000000018,
          0.0,
          0.0,
          0.0,
          0.14000000000000018,
          0.0
        ],
        [
          0.0,
          0.0,
          0.2800000000000003,
          0.0,
          0.0,
          0.0,
          0.0,
          0.0
        ]
      ]
    ],
    "global_samples": [
      [
        54.0,
        1.0,
        26489.0,
        3.0,
        0.0,
        75.0,
        801530.0,
        0.1140412578007518
      ],
      [
        32.0,
        1.0,
        64889.0,
        1.0,
        0.0,
        63.0,
        632414.0,
        0.835520829263174
      ],
      [
        70.0,
        0.0,
        47338.0,
        4.0,
        1.0,
        24.0,
        968925.0,
        0.3102783364921271
      ],
      [
        64.0,
        1.0,
        59323.0,
        2.0,
        1.0,
        44.0,
        664097.0,
        0.610169594287586
      ],
      [
        77.0,
        0.0,
        33535.0,
        4.0,
        0.0,
        11.0,
        903702.0,
        0.27679204781456035
      ],
      [
        84.0,
        0.0,
        66616.0,
        4.0,
        1.0,
        81.0,
        378460.0,
        0.5132665467789603
      ],
      [
        38.0,
        1.0,
        2198.0,
        4.0,
        0.0,
        3.0,
        314543.0,
        0.6857911729492817
      ],
      [
        70.0,
        1.0,
        68272.0,
        1.0,
        0.0,
        62.0,
        558184.0,
        0.8774141418533834
      ],
      [
        25.0,
        0.0,
        3715.0,
        5.0,
        0.0,
        92.0,
        222423.0,
        0.1893757133761177
      ],
      [
        64.0,
        0.0,
        78830.0,
        4.0,
        0.0,
        45.0,
        398132.0,
        0.22566546098558593
      ],
      [
        89.0,
        0.0,
        3733.0,
        4.0,
        0.0,
        84.0,
        602565.0,
        0.4449384123691237
      ],
      [
        28.0,
        0.0,
        25512.0,
        2.0,
        0.0,
        60.0,
        767474.0,
        0.07898674452043142
      ],
      [
        49.0,
        0.0,
        39254.0,
        3.0,
        1.0,
        89.0,
        912744.0,
        0.8381644403665064
      ],
      [
        72.0,
        1.0,
        38403.0,
        4.0,
        1.0,
        21.0,
        365896.0,
        0.6310072978183938
      ],
      [
        63.0,
        0.0,
        82288.0,
        5.0,
        0.0,
        90.0,
        166335.0,
        0.7934935725965221
      ],
      [
        52.0,
        0.0,
        9527.0,
        3.0,
        0.0,
        60.0,
        637188.0,
        0.30727545363950404
      ],
      [
        46.0,
        1.0,
        81696.0,
        3.0,
        1.0,
        70.0,
        410771.0,
        0.9637107280664341
      ],
      [
        26.0,
        0.0,
        49218.0,
        4.0,
        1.0,
        91.0,
        575723.0,
        0.6229701149290452
      ],
      [
        73.0,
        1.0,
        6849.0,
        2.0,
        1.0,
        40.0,
        448596.0,
        0.7967737576320805
      ],
      [
        51.0,
        1.0,
        93206.0,
        1.0,
        0.0,
        12.0,
        96915.0,
        0.6745381604970022
      ],
      [
        40.0,
        1.0,
        93125.0,
        0.0,
        1.0,
        68.0,
        666731.0,
        0.6707332930345646
      ],
      [
        81.0,
        1.0,
        23691.0,
        0.0,
        0.0,
        78.0,
        717161.0,
        0.2998640654674152
      ],
      [
        43.0,
        0.0,
        78603.0,
        0.0,
        1.0,
        79.0,
        421752.0,
        0.04532060602028776
      ],
      [
        79.0,
        0.0,
        4017.0,
        2.0,
        0.0,
        72.0,
        867115.0,
        0.9536176976158909
      ],
      [
        79.0,
        1.0,
        7149.0,
        5.0,
        0.0,
        81.0,
        492307.0,
        0.9167254086318073
      ]
    ],
    "global": [
      [
        0.0,
        0.0,
        0.23680000000000018,
        0.0,
        0.0,
        0.0,
        0.1920000000000002,
        0.0
      ]
    ],
    "num_global_classes": 1
  }
}