{
    "title": "Algorithm Plugin Input Arguments",
    "description": "A schema for algorithm plugin input arguments",
    "type": "object",
    "required": [
        "sensitive_feature", "annotated_labels_path", "file_name_label"
    ],
    "properties": {
        "sensitive_feature": {
            "title": "Sensitive Feature Names",
            "description": "Array of Sensitive Feature Names (e.g. Gender)",
            "type": "array",
            "items": {
                "type": "string"
            },
            "minItems": 1
        },
        "annotated_labels_path": {
            "title": "Annotated labels path",
            "description": "Annotated labels path",
            "type": "string",
            "ui:widget": "selectDataset"
        },
        "file_name_label": {
            "title": "Name of column containing image file names",
            "description": "Key in the name of the column containing the file names in the annotated ground truth dataset",
            "type": "string"
        },        
        "threshold_config": {
            "title": "Threshold Values",
            "description": "Please fill in the following fields if your classification model returns a continuous value that needs to be mapped to a label comparable to the ground truth. \n(In order by which they should appear)",
            "type": "object",
            "optional": true,
            "properties": {
                "threshold_label": {
                    "title":"Threshold Label",
                    "type": "string",
                    "optional": true,
                    "enum": ["lower_label", "higher_label", "None"],
                    "enumNames": ["Lower Label Value", "Higher Label Value", "Not Applicable"],
                    "default": "None",
                    "description":"The label to be assigned to model outputs equal to the threshold value defined."
                },                      
                "lower_label": {
                    "title": "Lower Label Value",
                    "type": "integer",
                    "optional": true,
                    "description": "The label to be assigned to model outputs lower than the threshold value defined. This should correspond with the ground truth labels."
                },
                "higher_label": {
                    "title": "Higher Label Value",
                    "type": "integer",
                    "optional": true,
                    "description": "The label to be assigned to model outputs higher than the threshold value defined. This should correspond with the ground truth labels."
                },
                "threshold_value": {
                    "title": "Threshold Value",
                    "type": "number",
                    "optional": true,
                    "description": "The condition that determines what label the model output should be mapped to."
                }                                  
            }
        }
    }
}
